id,name,model_id:id,group_id:id,perm_read,perm_write,perm_create,perm_unlink
access_shop_ncf_config_invoice,access_shop_ncf_config,model_shop_ncf_config,account.group_account_invoice,1,1,,
access_shop_ncf_config_user,access_shop_ncf_config,model_shop_ncf_config,account.group_account_user,1,1,,
access_shop_ncf_config_manager,access_shop_ncf_config,model_shop_ncf_config,account.group_account_manager,1,1,1,1
account.access_account_journal_user,account.journal,account.model_account_journal,account.group_account_user,1,1,,
account.access_account_journal_invoice,'account.journal invoice',account.model_account_journal,account.group_account_invoice,1,1,,
base.access_ir_sequence_group_user,'employee ir_sequence',model_ir_sequence,base.group_user,1,1,,
base.access_ir_sequence_date_range_group_user,'ir_sequence_date_range group_user',model_ir_sequence_date_range,base.group_user,1,1,,
