<template>
    <t t-name="FieldDgiiAutoComplete">

        <span t-if="widget.mode !== 'readonly'">
            <div class="input-group colorpicker-component">
                <input type="text" class="col-md-12 form-control" placeholder="Search cities..."
                       autocomplete="off"/>
                <span class="input-group-addon">
                    <i></i>
                </span>
            </div>

        </span>
        <span t-if="widget.mode === 'readonly'"/>

    </t>
</template>
